;all2slm1;all2slm1;all2slm1;all2slm1;all2slm1;all2slm1;all2slm1;all2slm1;all2slm1;all2slm1;all2slm1;all2slm1n;all2slm1n;all2slm1n;all2slm1n;all2slm1n;all2slm1n;all2slm1n;all2slm1n;all2slm1n;all2slm1n;all2slm1n;all3slm1;all3slm1;all3slm1;all3slm1;all3slm1;all3slm1;all3slm1;all3slm1;all3slm1;all3slm1;all3slm1;all3slm1n;all3slm1n;all3slm1n;all3slm1n;all3slm1n;all3slm1n;all3slm1n;all3slm1n;all3slm1n;all3slm1n;all3slm1n
;10;30;50;75;100;150;200;300;400;500;750;10;30;50;75;100;150;200;300;400;500;750;10;30;50;75;100;150;200;300;400;500;750;10;30;50;75;100;150;200;300;400;500;750
Quando foi a batalha de Gettysburg?;236572019;243323007;245084194;247764793;250042755;252327288;387546320;405098531;255565032;254420357;700447374;645452098;267215390;257499112;1154965914;1049023776;271172160;276096105;1815002433;1253487358;281587719;267274956;3873726926;2033108693;293149155;306648667;8520576989;2932727582;444974015;444307421;33409163662;5582176850;583193901;585362480;0;10026465256;812528802;821374389;0;16106615899;1107569623;1240433876;0;39696440386
Liste todos os musicais com músicas de Elton John.;177436977;174881124;193476157;196640204;185048709;201990268;367785434;342267283;197813687;199062741;740991094;405480775;202257730;207359437;1357249083;1070180344;218518212;216605360;2201597456;1473923311;308328511;307611194;4353064385;3064516122;372615220;370075605;9047219721;6464839222;527876725;557421562;35018039306;20241951919;660392876;671379282;0;41328338187;762155843;720385505;0;0;782583975;802035212;0;0
Qual a altura do Farol em Colombo?;243241207;235607840;274795616;246295499;261253828;263606586;400832659;327169390;272319543;265274657;705468367;555177248;293112286;259669900;1175148700;936126594;285824917;277171654;1711452273;1358306986;312340690;312130300;4204590127;2500398828;398519285;332820363;8597626650;5588595839;480878673;466759660;32492365562;37983741763;598406089;583576181;0;0;619915457;657207334;0;0;676339842;644860095;0;0
Quem foi a esposa do presidente americano Lincoln?;220962438;213897479;217062737;227195794;211933438;217652532;388250819;393430383;213367716;241192696;774562796;742196003;241420993;256044426;1106948817;1085831347;263684769;271093137;1579528923;1392628482;314032850;352421469;3630981782;3517003608;384475585;363597081;7552062428;8110420440;465974751;469563878;34846336439;20043276843;446655260;476134258;0;31030920267;522018660;492346364;0;79413700115;522898608;540834250;0;0
Quem é o apresentador do BBC Wildlife Specials?;172199756;167711554;175532275;190616279;171689872;174209564;316277443;264149769;176415481;169288336;576735320;482782792;169920563;193594813;1014015466;746597635;182739387;187542816;1525390764;863292620;213738624;195019548;3049253677;1234106713;207417340;210861199;7279897424;1622414941;227713550;242287906;28781725703;4584217281;238679183;253828017;0;14320017407;321258510;297090326;0;33903630526;322293266;272601764;0;0
Quanto custou Pulp Fiction?;161134954;168571301;182405937;199949754;206043233;185576540;356219667;338637445;210022595;179807735;683818002;642606329;221316740;232037474;1036116727;1120834949;225297545;236922232;1524072531;1515711698;305634275;312374990;3312307274;3572852006;311716412;308357665;7312744472;6614523744;310836969;316009218;26451111904;11936757341;353217960;312568684;0;24854236576;360910086;388912401;0;50515734258;345755281;358137305;0;0
Em que cidade fica a cervejaria Heineken?;261702706;258976783;285410191;281774190;263731662;266926542;418905381;408260353;280043493;293225733;721893714;749657901;338382600;276988071;1195817109;1036863528;294253308;294853134;1680764500;1329096347;325994559;299446787;4198708790;2676207183;306359729;366663258;8128040555;4104298654;341802535;356580131;32213586902;7851948567;346216387;342575384;0;15257644676;383007687;357109023;0;25388557919;432400624;362473494;0;0
Quando começou a Operação Overlord?;73479239;73496585;98725844;100196674;73854183;71823285;117512374;101689260;75017147;76577700;119016173;107178422;75871449;84646763;116140999;114372423;72438404;68248772;120082544;103134688;78792301;72544006;114659499;114569068;76598000;83691679;118682864;120779077;79108447;73065182;111917391;120225621;75559053;83924176;115379081;113344441;72125728;79261077;119616357;118606183;77397838;67864683;116777168;122634658
Em que cidade termina a Rota 68 do Chile?;323341979;322568560;338098474;330172240;326382960;348310420;491992864;481008017;341891495;360653153;805453524;552887324;337503306;354780255;1201384885;1060310178;389966786;371097247;1495855125;1451064811;442000695;431829478;4509989008;3579750009;473449649;461208152;9116662753;7653670503;640333653;604584765;37578119999;28071715049;787682815;773559871;0;0;922490103;715635607;0;0;1088373098;1056729575;0;0
Quem desenvolveu o Slack?;117890833;124880398;123577987;137620910;122220786;118712975;287973585;214896879;123479381;131476403;610876665;335581123;121901606;124700095;1071927494;665214891;133523981;127106691;1596513465;1004732203;139766950;140338797;4228219358;1963829227;147674679;154226916;8450461037;4035320247;163322105;189977649;34251390082;10392539377;215681551;190831830;0;24217086942;233754475;250509715;0;53697258389;301480902;256760274;0;0
Quem foi casada com o presidente Chirac?;99541664;95107206;120071756;122219655;124374843;119706126;285757452;315831501;135623144;139512163;554812289;561808424;158247429;160140490;999073629;974682621;184938578;181482895;1440251145;1434284681;210447907;204248642;4284548079;3513828915;209748203;242444967;8379132043;5741576933;228625673;223246661;29908783145;11694257120;255070409;241001059;0;24518988115;261101753;273725833;0;38475967518;285097863;292983068;0;0
De que morreu Bruce Carver?;96670145;91411070;103384934;119149872;92689349;88271883;337187763;206920959;90353256;96986425;638304629;340478157;99462789;105203351;1149763708;802154429;107303066;103373418;1669103718;1320331123;110159204;127087413;4183859436;2706723437;121887547;137540487;8179958585;4542879067;139218160;123984780;31338137102;11950362050;135884592;148190349;69111329662;20842223270;139248720;185569019;69178947693;22748821290;162273699;180867099;77710783081;26025701774
Quem pintou Tormenta no Mar da Galileia?;99981503;89222056;114041807;110752970;106926158;108982470;311173227;314848006;117258899;114053912;572715577;596713521;153213742;152769481;1063495132;1030401579;179687039;189787781;1257254343;1644053964;233745523;215199340;2731306926;1852591490;216210307;233082190;2718416852;2757490932;231171696;208055278;2760688598;2709199291;235031194;233247013;1970118581;2760818336;232112778;218320438;2755031994;1877180996;234011041;224903854;1941870047;2769736425
Em quais cidades o rio Weser passa?;251643118;266875267;311058580;281973240;271159333;260439654;383130790;432898146;258818471;283026675;675183160;697873436;294602282;290334865;1177643435;1133763256;291266819;283166624;1830845326;1552710689;311638394;276647817;3968078434;2835210288;312186160;331174773;8883165849;3748336434;344293369;335892348;37470122609;8034359871;391535119;368244659;0;14047407651;372065279;366446396;0;26582800813;383866205;424635959;0;78183678444
Quantas cadeiras tem o estádio do Futebol Clube do Porto;209207781;212725677;221247418;231921336;224899325;243119754;411679279;396344807;241386324;242225236;860498109;706154215;275683697;263717872;1242416657;1101117198;283631480;279767293;1858709205;1784436799;316594799;333949877;4241895461;4127536568;393924955;395461030;8256325188;8256713629;491561259;510039891;31007316352;32832163657;690148124;717662488;0;0;729737921;795786215;0;0;801777499;838156443;0;0
Com quem a filha de Robert Kennedy casou-se?;220426213;197264039;284834048;216763415;245816565;228820646;374056042;285301739;229064757;208790653;742431332;394793556;221266272;209747564;1345530762;599349640;240433167;230447507;1689816774;999943889;226977621;267345626;3832610458;1565397916;236338485;272007621;8134439735;2563645478;293158770;285326458;32468724572;7652809967;323109414;310855712;0;15830791999;361331650;348509035;0;35729877587;471382244;382280968;0;0
Que livros de Kerouac foram publicados pela Viking Press?;246533906;254162527;278194690;259349585;262677371;268373615;416089297;386203343;258875154;251413723;724899468;502195151;292386967;269237622;1102155230;782734758;274850078;283811298;1767927606;1283716085;324330122;304442053;4611338020;1966783575;358328578;382894006;9145153857;3902758763;340664065;385579058;39266698614;6693704686;429691830;413423449;0;16973783117;640633673;589934473;0;29164428250;863186373;882299363;0;0
Qual a altura de Amazon Eve?;203826709;220523931;223957891;222408139;202357945;222135535;354265056;308633986;224860739;214116231;653027943;385838747;208687120;223975116;1130554029;593533476;214835651;219742477;1640851415;840424215;235530029;252812260;3545349527;985647265;243684122;251998114;8517465867;1334061439;289215001;289896087;27926451991;2995949892;284304197;274494613;0;18348676218;371128869;350147029;0;38713185839;393631848;392484242;0;0
Em que museu está exposto O Grito de Munch?;181356251;186692700;186060355;188303461;194894305;190380581;340286159;323864216;189502855;195001923;735301814;705682858;208602846;214640560;1268007093;1154588683;206731766;215854771;1831983005;2046173043;231961944;236285628;4362747243;4232772394;241561619;243951582;9977758015;6232753482;327878156;313523690;35985510766;13310662758;323755328;341905208;0;28156051871;350794869;394317985;0;43088249718;460616953;391137397;0;0
Quem escreveu o livro Os Pilares da Terra?;155305267;154686683;172853970;182703070;178080382;185822785;347116811;337050869;183780055;185292458;630020447;649249681;213051707;204348621;1122117771;1179841365;218126886;207060876;1640047998;1472479572;220757882;212680291;4334410943;2508881773;221341208;222010359;9024920941;3970528881;245895350;258492956;31690817330;8014060724;291585935;290417099;0;13851636489;319217592;296767936;0;24414916120;338866531;404104918;0;61693516222
James Bond é casado?;117092905;125931384;140150981;132041875;129411116;137180705;283466268;289231594;136644674;157733433;575478444;582995057;163102817;164630399;1062319413;980857410;178553184;183831841;1442012603;1436217326;186440614;190741320;3925252409;2730147845;230011230;230193936;7765353813;4073031296;290974089;327664396;27252578842;7322092094;288045492;324638929;0;13771850752;316815156;312928479;0;22832239985;384489046;388732560;0;59321699923
Quem descobriu Ceres?;171951172;181607275;197238082;203439951;184261827;188545876;353935434;307888491;190760966;174543644;635191447;440854310;197470467;188563372;1149353499;1055117352;201611745;185162983;1622468286;1145448294;196354602;214095652;4252355612;1895891073;242734580;248223295;9522693041;4600136456;238390418;255157589;33160980071;8636609952;243339489;260675213;0;18218483408;264099585;255579338;0;33409075388;280385110;280839289;0;0
Que rio a Ponte do Brooklyn cruza?;192048582;206094863;194274673;204818580;198586731;215233104;387361332;364515048;201292627;212986922;681435300;702698189;231997690;235243700;1155995786;1222810321;270127021;272014700;1637904531;1681624377;285895784;282718490;4458549482;3546873064;292754329;285330567;8995854983;5546678189;386093272;385911245;35890870534;11491800055;469777469;485142466;0;25065136830;462525930;468228205;0;39547823555;837365359;862955079;0;0
Quem foi chamado de Frank The Tank?;162667788;168672821;180086753;184384544;174515515;176793523;326192571;232492788;187881025;169089537;641433883;461063484;175422967;177381316;1189045526;926186091;199093639;192456850;1824084694;1321931998;193927317;198477682;4154231927;2456350388;204047504;197782815;8356843085;4016739317;218852785;219095976;37587518761;7459056272;221378177;227393513;0;13033685864;261819388;314702002;0;24323828733;289909489;277522835;0;0
Qual é o maior país do mundo;595304193;590622008;606798887;599561493;642498075;503549989;692309372;489941904;551209490;587098505;1150754612;642804248;618927759;573790651;1551231182;692295788;600828142;502725626;2447271536;825225273;607591998;509055009;5086433721;1002652955;521430348;653039234;10623408596;1229565988;646544637;551852002;41472621945;1756615009;556671643;535037409;0;2419079720;569121878;673526336;0;3696969358;743442773;852217769;0;13683328290
Quem é o prefeito de Paris?;260359578;263281016;259818839;250218110;240112527;253904671;452546340;373929360;271131774;264485804;698928439;666690052;277340516;296629238;1173350513;1095044158;305063048;307055528;1606054177;1544857596;349338371;351498549;4045277981;3812870592;389201244;421412322;7806025613;7539829217;523034321;513186769;37126567653;31541630378;633574025;632230676;0;0;774414858;553635284;0;0;662249091;955138951;0;0
Quem é o treinador da equipe de hockey no gelo de Ankara?;226705717;204239079;214582988;251850947;205515625;222864992;401420083;395738658;241494005;235337122;708670344;699697245;307108138;289265920;1080130270;1119022658;275701864;277639789;1758506182;1633325405;359608377;348264842;3899894604;3598231812;404430526;420134497;7634952157;7618752800;431357092;437610185;29050242425;21553442932;450250818;451560747;0;43158593488;469437900;448638922;0;0;569477382;522889013;0;0
Quem é o prefeito da capital da Polinésia Francessa?;238373354;249993459;294561356;264885548;228828921;249493250;437985642;337869952;236283855;276867467;724858544;578681906;272078386;257850945;1227585814;1029863052;296390574;255268398;1827605473;1451909681;320988475;300861244;3814219067;2453920322;322542526;306956732;9254928133;5889316423;334714932;340192731;32622670719;13374449927;366450658;353009282;0;29632063434;381753873;350160531;0;40287358437;411389546;453949053;0;0
Que prêmios Douglas Hofstadter ganhou?;84336864;90525936;102066312;106608322;103242483;114821001;261791521;266958319;109925017;114393472;405754536;396632739;120494640;107792750;446642014;394599137;116565041;108573165;428543266;382804176;119767239;120723341;422564543;391558180;98091629;120385504;409604556;373590643;109145281;99603887;407693881;396709463;116161434;121159973;397503436;392300804;105683967;115814870;411801432;404497341;102389283;107666529;416447464;397776393
Quanto custou The Lego Movie?;170079956;183411558;206452909;204344034;194576846;199069748;353124557;327812897;202454590;201103752;672306526;662663928;235009172;220295688;1048543716;1007298197;235087241;242276209;1538113192;1547978483;287131053;292566239;3341958025;3188640007;298962739;315565646;7581907520;5679735958;310530064;328261449;31186264843;11924171445;324024032;339565690;0;27945715783;337279401;390359510;0;0;354337866;370724873;0;0
Onde começa a Piccadilly?;67472085;75201961;92529027;97899027;85244469;82544831;294061239;194162099;84588686;78678332;536894761;323906324;87478973;77884507;1163397520;513853160;85744984;91110910;1877453810;742749118;100411751;101505126;4288162754;993943998;119728551;115615606;8318550748;1342905571;122495048;120247128;12234581681;2898292445;126574271;115227856;11321723791;3818582878;130983007;128849544;11605154554;3860311187;112829177;122231530;11842163446;3911824229
O Príncipe Harry e o Príncipe William têm os mesmos pais?;281334015;284544511;292531201;303076746;298572472;293260108;457437120;304583408;294028917;261855558;769333009;465252381;269008079;308465422;1267202378;1098869088;286863022;303275779;1897115888;1450030217;338308378;338264228;4965356982;3646893346;358430987;368631280;9753601455;7047967440;450540483;457251679;35345528026;35727042418;547022613;518436872;0;0;529083125;523357069;0;0;548641261;554461984;0;0
Quem interpretou o Agente Smith em Matrix?;93430115;102299890;125044539;117347309;110084589;105902660;303558937;254042622;117549667;126044382;658736958;568952353;128682938;131085714;1097685238;1110707375;146902117;148415244;1743877332;1501083997;183329834;173914119;4516127461;4277160751;237607589;250386312;8489839136;7762868194;281255838;270432916;36002336437;18985633535;294583565;270441999;0;33415581759;314274735;307515954;0;112416678271;316653120;415116810;0;0
Quantos idiomas são falados no Turquemenistão?;253983425;283117064;283455021;293506035;289876904;278567273;421750537;418295618;275899379;261425772;802434089;526012719;256350239;280103241;1240115524;864415194;267840028;307398399;1863792484;1289692499;298924500;295400476;3900817638;2119298385;317262911;308341596;8796395549;3373560195;314892098;353182480;37202075085;8728379322;358482891;385722866;0;24868459683;332680445;356134193;0;47268689750;445074450;423530914;0;0
Em que filmes Julia Roberts e Richard Gere atuaram?;214432566;234468903;250614246;240233942;231098367;227181322;428407249;350570235;247833539;268777620;743068208;541348145;268043563;257530340;1286966089;870718582;300991064;290232930;2016368874;1242309471;302403777;310085452;4641755810;3517267341;351129215;357934726;10426690437;7249353849;437229884;437977420;36056091417;25226480215;460623403;486001377;0;43570050310;525669898;562932959;0;0;894802876;613163137;0;0
Em que país nasce o Ganges?;230123946;265499248;274909812;262333261;275830361;258486718;430170249;436085086;273686532;269614587;778578141;761080895;298155594;296252931;1132891798;1177816176;291346912;298504166;1697642455;1642523425;325449876;293253303;4407928869;3237333412;325898180;319403246;9317540801;4425371723;360961505;357570981;37905023981;9278610362;383291920;409212789;0;17101440944;391351482;368641566;0;29104107217;421541256;396822492;0;0
Em que ano nasceu Rachel Stevens?;234178394;232415455;231053779;233659442;249368293;240139462;375298892;404563412;249739917;243456631;668529414;711267203;263024714;243672392;1197700593;1210257447;277248164;326021946;1654765990;1551879154;301762433;308753649;3981238864;3422803074;306724543;300419448;8633577683;5463088838;328727305;311982264;38604616715;12018579412;375148405;399141251;0;30102549361;424346567;394174649;0;33825281980;419666410;432449583;0;0
Barack Obama é um Democrata?;160441335;151453704;144652132;157532568;150565577;156932813;314542786;337889888;169246713;180909333;617015445;631568160;185178127;186660387;1024702261;992277830;197493463;206203080;1480036780;1461247803;275045595;271300514;3608604087;3744322387;297431754;306738336;8213056244;8068231092;362034918;356893416;31650486697;25539049233;405218985;407650995;0;42446445388;426063461;448231846;0;0;574254934;601538782;0;0
Onde nasceu Bach?;135269898;117144078;144678738;154157573;144117505;152233695;301839463;321887403;164843555;149695990;593113451;622985078;180639072;190728529;1005346527;1049105095;201932534;198113637;1493490604;1542409552;283126654;285245623;4231697111;4095887443;329122268;322886318;7996731625;7934947829;434095918;404850127;28722147308;23966677297;410855608;413319569;0;57880331848;438769732;426580897;0;0;467498964;434804316;0;0
Quantas vezes Jane Fonda se casou?;118287352;104692018;129841603;123692763;128358574;119595883;282547629;308822433;147617269;132916982;611643079;604387321;162863419;157439474;1015904565;1069739973;182417699;191259079;1634998282;1516501787;249840069;259311035;4175412459;4010756792;305266105;295137922;7813885060;7664578240;298025904;295133021;34672295867;17749096211;304470191;315189478;0;40199269655;334422717;327812290;0;115372779920;353503213;351940871;0;0
Quem foi o primeiro a escalar o Monte Everest?;93717449;94182220;109482492;121110333;99474533;111587370;295064360;310886807;129908857;123973086;563070805;567376951;143888412;160753914;1143909841;1037740815;178512091;187927374;1708215974;1693543766;225101665;216070279;2721155946;2681153319;192625775;209933222;2821500977;2698861080;234945931;212084570;2723222078;2676880550;211302983;218211071;2801071174;1884147113;195974482;200608062;2841089178;2687761116;229013775;204836811;2715847350;2636004125
Quantas pessoas vivem na Polônia;223614787;212269338;222105846;235210134;242272352;221354815;354708014;284400250;219525350;234685479;695506368;443078113;226794098;227380738;1246517295;638943846;226805501;222215192;1866000112;1148859666;263820998;232656046;4376864349;2012170667;247156543;271116939;9146410381;3731511521;274642191;252445646;37591739111;7986527898;285773192;320653915;0;21707535100;316326101;286774361;0;42400152449;312309811;300226771;0;0
Onde fica o Palácio de Westminster?;78895302;91735791;102229090;101717458;84449002;92574469;144247847;131950785;88941295;91747472;143267544;142257117;87414855;89187126;143240819;147649370;89498421;76810088;140944776;130681296;78308551;85143186;144586462;151038054;83558215;89292391;134402298;141109468;88709913;85801528;144836586;140123394;86624273;80241114;143837699;148928708;78685416;89604743;139145308;158598639;93197079;87372743;142024025;146195134
Christian Bale atua em Batman Begins?;94137177;89425501;109837522;111007058;111655735;119131855;316375461;230241371;122209185;120236320;582466486;544979676;137920636;132656627;1145667652;1058239602;160243861;161203811;1689955052;1536770898;198097773;200051616;4511173232;4611126713;270966660;279494990;9103270826;8468049579;379587931;333377761;33774545564;33044791690;404113333;376210302;0;73178150094;365255972;407087952;0;0;395456506;420149848;0;0
Em que país fica o Lago Limerick?;251521346;247625002;271467087;257734672;244897512;252385756;394429667;349229608;258459645;247102156;702267516;455518017;263462660;262299107;1158035832;769002205;262938440;260988681;1711672418;1138393526;268018597;268854238;3863292341;1808654230;302637091;280689114;8138876986;3224632304;317776421;295559119;30450074400;13400334000;312580889;338667058;0;38152581955;397982222;360642404;0;103366258198;368103079;398638206;0;0
Qual foi o último filme de Alec Guinness?;387041256;340949347;348873499;387031689;392329204;369935886;527530625;501680456;389391366;373030848;757925274;792916123;410481310;416969054;1211087567;1207265220;418640344;425128142;1750765421;1769882384;398120515;404714037;4385187670;3297894908;462116407;456530460;9494905489;5818875248;463376311;473980950;34792649096;24527734971;668254251;669937095;0;0;791557376;822155005;0;0;1228072452;1160456432;0;0
Qual a montanha mais alta da Austrália?;253801344;227661529;275899525;247605549;251216445;245093394;424370646;319933223;238281239;241963066;755001548;648296632;260066138;281916611;1160858145;1132844209;256494035;281633617;1647672548;1660246867;264257748;288577415;4349728459;4059332559;293251657;296438426;8253142845;7728508024;367147237;325330361;35087387261;35404558898;400665106;401844524;0;0;540762291;544014342;0;0;768526959;779207582;0;0
Frank Herbert ainda vive?;88843398;92935833;112968525;110620538;103437270;106804212;326716039;303156822;125969008;121479024;615628382;561795872;150895877;154860462;1072243304;1145714329;172290969;183169349;1558039644;1339321353;168669721;175142610;1376698569;1475655418;156616602;164889547;1467575256;1398068497;170790000;164601495;1478687580;1337031957;174207114;166445591;1453262250;1338686512;160059822;160325722;1371832481;1395008427;163051998;166767462;1491966817;1377391292
Quem criou Family Guy?;165302477;171912434;195927934;200663966;188106204;172830981;338635925;320167499;188589713;187311267;641250190;600948997;192166321;206182957;1173576185;1010635810;228470685;247674988;1696457444;1712265120;287429430;292523951;4122375012;4117231237;290293143;288103173;7824651661;6011400595;324001588;322956846;32481018586;13325439471;342706852;321900554;0;25506333448;350117303;358102241;0;47030398165;349299198;365109678;0;0
Qual a língua oficial do Suriname?;266111794;264189041;289991523;297597536;311253551;300746261;416272511;465562026;285026031;283068376;794499057;638275334;301680379;319980325;1298737982;1052176333;312453148;323039032;1801401142;1518884776;372260863;385772094;4477356903;3854646808;477142279;470638291;8334670863;7866448100;606054844;577777751;37354050550;32952909296;583582899;637999642;0;0;647877335;567964410;0;0;696350940;686725302;0;0
Quem escreveu a canção Hotel California?;173042842;165852698;174054253;176651056;176450940;180835360;322017718;313863040;187202606;218869406;620547350;604778840;205160438;205502333;1035697193;1074054743;208396787;204616443;1638940641;1410301829;200779949;212173233;4092842065;2636766488;227807302;219911510;8149430449;4030223750;241942531;252178026;30410981462;7777091284;244092070;285682341;0;13691855211;265135992;307608007;0;24047201335;371512675;315624127;0;71534840762
Liste todos os atores que estrelaram em filmes dirigidos por William Shatner.;319685886;318985114;353193152;309163059;340779502;382047819;506978670;424838227;340908941;347236752;793675654;445775662;354462980;357553455;1249715926;728774768;417176270;398861982;2084364201;1040551834;407743918;401929034;4767687941;1510444298;411977656;419897093;9915779287;3148889143;449501407;382498754;40534461255;15543220753;482232779;448658521;0;32978637551;538131771;571657490;0;47607637932;1066704440;1089631870;0;0
Quais são os ingredientes do biscoito de chocolate?;-1;-1;-1;-1;-1;-1;-1;-1;-1;-1;-1;-1;-1;-1;-1;-1;-1;-1;-1;-1;-1;-1;-1;-1;-1;-1;-1;-1;-1;-1;-1;-1;-1;-1;-1;-1;-1;-1;-1;-1;-1;-1;-1;-1
Liste todos os skatistas profissionais da Suécia.;77986756;75988866;98241136;104708512;89855529;76751611;298297266;186866650;79994410;97218220;644910845;315075043;80282152;87925152;1175957896;466928049;89281429;89566379;1836092811;923487932;107954004;102216912;4895285511;1587075840;124294756;119277660;10506067059;2886624536;144995902;147717577;38784678547;5879135525;189381931;187686382;0;12110043186;169197749;201097499;0;19317966832;157682841;200526487;0;19140315559
Que ingredientes eu preciso para um bolo de cenoura?;-1;-1;-1;-1;-1;-1;-1;-1;-1;-1;-1;-1;-1;-1;-1;-1;-1;-1;-1;-1;-1;-1;-1;-1;-1;-1;-1;-1;-1;-1;-1;-1;-1;-1;-1;-1;-1;-1;-1;-1;-1;-1;-1;-1
O Neymar joga no Real Madrid?;76777553;83822970;91103495;99522818;99074854;95512984;273453487;267785856;111390354;112105785;594605584;593862039;132418144;146256780;1071753776;929332309;178720747;166771816;1572393995;1705137568;252059964;252176008;4612373114;3926086250;280420657;269687385;9004235750;7529661527;349364499;374722633;32910685691;30027263314;426927674;406422803;0;56366189991;416041474;386686774;0;0;482346191;417157786;0;0
Que cientista da computação ganhou um Oscar?;250032373;241355635;261785837;261545183;253595795;259246178;346382140;383003429;254598281;258995524;676625112;511123393;257906514;245549696;1111191954;796953042;284666239;285240253;1439022125;1193090756;279517252;284605674;3376331149;2387496051;300242686;289461924;6911449402;4142726133;330647778;320080597;28836742935;12986127572;354168112;364383429;0;28125469745;349875732;396119599;0;38753779451;367590552;399846722;0;0
Quantas empresas foram fundadas no mesmo ano que o Google?;307557619;294854227;307234859;310364843;287941573;295255547;482267561;350796467;322446938;330752572;896210532;494253909;312606900;334399474;1328239953;690616655;319478590;340614231;1792857572;1017135688;433477575;375763231;4594061769;1413266186;459590984;428326605;8978227435;3593131492;436559255;558349007;35264797821;7230242520;598637935;599730407;0;27967751305;664052683;673678310;0;36522142128;714257872;715772984;0;0
Em que cidade da Inglaterra está a sede do MI6?;272134727;300922001;270040065;278815129;292605042;280538597;465630409;453216441;319656824;306492124;795438582;779959992;291094642;306348076;1232076954;1056171563;306083535;305111254;1915461508;1305649469;315060008;338234264;4043110947;2020299435;362285351;390244152;7965001494;3091352490;415846994;404080018;39247761636;5961462356;482504671;507217989;0;9619174128;618352852;580043818;0;33329338056;1089272880;1027603658;0;0
A Crise dos Mísseis de Cuba ocorreu antes da Invasão da Baía dos Porcos?;166350714;185253891;188792748;201750058;190570740;184035694;302327713;354192390;208359715;202637188;552195403;393104566;188279988;202980859;1068866832;672491454;210723393;211846300;1499384660;869388842;193335075;205676931;3144339623;1111896222;203315552;228378092;6665536655;1462189452;238578329;261629193;24718806094;2578839587;270423290;264464118;0;3931786160;308927681;286952459;0;5855424708;251288095;269728368;0;60351754054
Qual o significado de IYCM?;180972255;177206467;190481447;198171231;180919924;199895142;322308765;264058616;181344850;183964744;613076040;354066152;188537325;194706679;1049231786;549834547;210304994;206966312;1595879339;664788880;196542358;192599651;3838940245;906562518;203710360;212978973;7419487866;1978337046;241507343;252559190;30105124910;5007778449;263735132;251703447;0;14439835123;330631414;288356244;0;60395528778;305961337;319190918;0;0
Quando a Dinastia Ming acabou?;102973958;101576923;117839043;120056837;108716679;106824706;283395247;282046334;138638519;129470978;569715013;560082555;160992474;157184610;1039805538;1064117991;209595307;193664753;1567997064;1503192114;278191565;284736079;4232832342;4283921680;284143155;297746330;8540753433;7289491105;312896723;311351010;34322539301;15631065582;327549742;323365893;0;34154841731;349619045;361590971;0;53847724935;402766614;416605572;0;0
Liste todos os episódios da primeira temporada do seriado Família Soprano da HBO.;269760789;277741288;285900013;285706290;297163685;281028546;496649974;431557288;299536015;264291358;824788596;564264990;288341577;290558124;1317440833;1245179482;308195383;386781998;2022302939;1502051194;346688634;332948140;4875012730;2755091139;375058643;412228539;9396052679;5957323823;484522073;560787786;31993885747;17161955621;476282869;517826154;0;61463175841;592965539;560586224;0;0;693251265;588927408;0;0
Qual é a população total de Melbourne, Florida?;-1;-1;-1;-1;-1;-1;-1;-1;-1;-1;-1;-1;-1;-1;-1;-1;-1;-1;-1;-1;-1;-1;-1;-1;-1;-1;-1;-1;-1;-1;-1;-1;-1;-1;-1;-1;-1;-1;-1;-1;-1;-1;-1;-1
Arnold Schwarzenegger frequentou uma universidade?;199981486;188661253;207804483;209140334;194558443;183455322;370013036;347994389;205162847;207923392;691890027;669655145;236280949;231330060;1019882682;1207670949;257446416;243089750;2024298323;1764483896;309865589;289321943;4289539548;4197562177;364420026;365002860;8517345503;8351262981;388754053;343569670;33329606889;23499628464;472336737;503139287;0;43398192000;523604914;577051898;0;0;592896443;573193856;0;0
Em que país está o Monte Everest?;241943338;240715622;245848870;257557733;258118845;243133942;396736252;394051965;268060290;268750038;814316198;708589931;265850811;282222390;1136230762;1196905266;327455204;286807516;1534566431;1654301952;314734669;331279002;3685313833;3409151922;331303821;339430914;9484817361;4992262917;357864198;331826056;37505986118;11194436016;377292168;381402640;0;24865117539;380724359;400015506;0;40765875378;399638676;381459227;0;0
Qual é a maior cidade da Austrália?;389504558;442033345;490985448;499612421;520583393;430462641;670825604;569540471;487642515;521963703;875051835;678173055;403922868;407816567;1601700768;817182704;440432066;412410228;2102602553;1086799330;508410773;480556628;4870412439;1529410990;508969302;438648096;9833193541;1999614739;447148531;487168161;42010764564;5462683383;564853467;476227905;0;18015095971;524539648;613142363;0;44233187991;733958472;654422909;0;0
Ache todas as plataformas de lançamento espaciais operadas pela NASA.;385588118;339844450;433129949;358282261;378434219;446416423;545105937;566528180;365796532;367895482;866474109;837611115;388260259;359046957;1300089007;1311469346;431046200;425856539;2142629650;1510145847;394653990;416372854;4630953704;2601176882;474355815;455699229;9394401136;5306653782;523090523;514675596;31589330705;10191892017;727132258;595424588;0;19494172036;797130963;624921743;0;37058197548;969536329;971993872;0;0
Quem é o prefeito de Tel Aviv?;210672444;219369284;224931891;238897198;228064053;222257354;369264387;380720545;242741977;243746137;679309524;668300753;257573318;256976193;1051110428;1061513486;256482345;270407560;1197522823;1543411615;304058698;320708201;3430702162;3795795860;358089223;338691686;7042025430;7460648894;445429326;458636957;29651961104;33185887086;504292010;503221901;0;0;506583211;515562714;0;0;538096970;577804471;0;0
Liste todos os episódios da primeira temporada do seriado Família Soprano da HBO.;288778914;287610081;341064694;271842483;284941142;290057108;546282409;431399021;289860029;279993245;815403547;631096096;305421481;307739476;1315380738;1248782599;292137822;282103337;1784415247;1504469531;350234772;349715538;4183589652;2690453064;387511736;367598154;9030878925;4748453428;485106876;512702553;34667148859;16421572642;497200400;542073924;0;57112614114;521205354;569995988;0;0;624928956;639822720;0;0
Quem criou Batman?;251934261;218466766;214947814;258571264;235349119;214624488;364431292;316361029;236890889;232148932;707474555;448970661;247565375;247882596;1166226819;668677915;280675955;247708604;1721372376;1137772397;321839416;308712004;4288003615;2336642163;357025839;368966567;8341516590;6323686502;413234583;403064952;30144176017;26454818275;446285000;424083734;0;42327232737;483440996;454746808;0;0;497926531;519213431;0;0
Quem interpretou Gus Fring em Breaking Bad?;102101368;103358677;124115770;134845992;115658839;116103876;295066376;302212678;137601031;129763143;552156011;588135441;164144703;167564479;1057768598;1078445059;197816483;197059267;1567640061;1549409108;283799343;278070397;4271654062;4276573772;293613868;277853573;8334384223;6533063460;313586627;313442528;30493970052;22950231563;319606223;333825637;0;35648039110;348755726;361297980;0;0;324103221;384088372;0;0
Em que linguagem de programação foi escrito o GIMP?;165821377;175328221;198553098;195817393;180127956;181428632;303285024;350572380;204551338;193003734;609216147;642039483;207175172;216651824;1073463191;1165106981;214047272;227425037;1602850589;1634706875;232881209;223895223;4237909015;3063543446;238610296;266036236;8369430743;4686682470;270300534;281747350;30400163556;9542680885;326384836;293253123;0;16791414170;311196274;347043809;0;29058738764;342040377;344351488;0;0
Em que império antigo você poderia pagar com grãos de cacau?;-1;-1;-1;-1;-1;-1;-1;-1;-1;-1;-1;-1;-1;-1;-1;-1;-1;-1;-1;-1;-1;-1;-1;-1;-1;-1;-1;-1;-1;-1;-1;-1;-1;-1;-1;-1;-1;-1;-1;-1;-1;-1;-1;-1
Quem é o editor da Forbes?;236985491;220565087;261779696;237119031;252401895;249312163;392297039;381590420;244636430;246426529;683806999;719225968;252515649;269604073;1082202973;1063079267;298232339;282916734;1548306835;1621508526;314852553;291535224;3979403476;2877498211;271040306;295671625;7094388970;4251387545;294288421;289828400;29419989861;8832726595;359850778;330052477;0;14783059997;297175543;325191735;0;33907623725;346022645;310034685;0;0
Quantos habitantes tem a capital da Austrália?;237053201;231801828;222594684;249991718;235413192;232511709;390287232;394070384;229383889;238224448;729025473;705811187;257403386;234447518;1116106047;1147948334;247506145;254085412;1621254653;1648045498;270607793;281007957;4160940160;4005598611;278092504;275931255;7958774633;8095474785;314784222;340181802;30169091852;29522562502;401588480;429394111;0;0;458279183;467992978;0;0;762278214;754388261;0;0
Quais surfistas profissionais nasceram na Austrália?;163269300;168838442;186292698;194994994;162219856;181094076;370042026;281002445;202812622;174409854;714511061;435434122;204176970;229938642;1216850718;707782016;213372008;208382252;1742389870;873823011;231520370;235159443;4147650485;1227946976;253555573;249481432;9910340530;2532382333;294437896;301353048;32539833730;12525355883;393079794;399962402;0;41608455666;485755208;488193092;0;0;791775376;751280750;0;0
Que companhias de eletrônica foram fundadas em Beijing?;299866424;304292221;291179564;309846568;274908109;310084409;470191132;420685559;311444038;307240542;796795019;661845560;313829425;314026485;1186150119;1184927501;354923069;337262948;1711021850;1592823410;423290672;401887309;3643262670;3725411366;503635311;454524097;7986773634;6893068344;601339673;577128452;36797387915;19677938711;683354034;763216269;0;36993607218;863443357;831486315;0;62825909850;1017166926;983557445;0;0
Mostre todos os jogos da Mean Hamster Software.;259820132;271500284;275923566;261337893;272642911;254423126;377552520;349495187;281464778;277993567;728771279;664604974;247288517;297616681;1203855331;1105078119;309880777;287207296;1776110707;1645811499;356692358;359262734;3978450075;3236356694;413569814;441283148;8668505828;7413283612;581383900;555830068;29772286606;27154008114;798433702;750846408;0;0;1045834756;917123524;0;0;1071183773;1348248258;0;0
Quantas lojas Aldi existem?;85789959;91594362;116849585;118762886;99970745;97525252;295155382;326216831;124102678;121638108;571012784;563066600;138816493;129659861;1118708668;1011604850;140116782;129555372;1341801938;1152698443;131465966;123883736;1393599020;1138931828;133458499;130803386;1410338265;1179451916;146121693;139450806;1348996126;1195400938;144806145;135803548;1336302336;1254274732;134866680;130436552;1354951035;1161731969;126578381;133505250;1467256619;1151407869
Qual a capital de Camarões?;240716644;241763438;252988617;247350361;246829976;264121712;426469279;386327875;253127844;262020329;763049685;747748722;258631035;290875455;1194909386;1162881601;289262365;266843370;1629911542;1425505711;270342962;277805452;3689739330;2561401591;328798366;270796662;9822874278;4276491825;329940996;337513073;30342711834;7532509768;311773420;346281230;0;12645580662;320144242;317930299;0;25564892618;335200076;358680541;0;60506313842
Há algum jogo eletrônico chamado Battle Chess?;292712627;317515906;306963548;299034112;381769685;306354084;478650218;377891156;294970424;302621642;834089746;519941946;319556337;344314976;1380985684;954320116;294927651;299996403;1970932712;1210740275;311963819;312318378;4398683404;1780658359;302039076;345819973;9042744674;2484684904;328331425;359773393;38033099797;4033189884;364642194;468312659;0;6033427764;511319417;494506264;0;9376266749;732743227;824555515;0;27886534238
A esposa do Presidente Lincoln chamava-se Mary?;294468957;324775700;328110440;340634004;324496780;322871252;505858268;462290189;359918982;376019197;783046019;638899550;369605485;346375864;1274974952;1054635604;359920607;361510895;1852295889;1361696110;352994238;374227696;4097962612;1949928588;360466046;399746385;8367870290;2959286034;371617437;437540069;36534714687;6591212264;374036585;409931469;0;10618740729;407052052;421379758;0;15200374931;424877569;384070397;0;63509589955
Encontre todos os filmes dirigidos por Francis Ford Coppola.;317690872;348696944;319321047;316194945;342254015;299126837;462736646;426388600;336670625;353994667;824434856;708914076;341033246;313791518;1240487950;1099632476;358915398;358307985;1874172281;1665372937;395414202;395028554;4166793237;3668977301;411817933;417228475;8363811437;7492633493;557983836;535003038;32834744957;30916531736;580046838;540136241;0;85182064181;575328557;545667462;0;0;611955984;600178766;0;0
Qual filme de Tim Burton teve o maior orçamento?;278024119;269033371;294236239;310352649;313454688;314460284;417518670;394076018;294033167;306870990;787957079;597316761;356033429;343007779;1280221935;1130274441;360674480;348387772;1783352328;1750845095;381605138;405469972;4181140597;3433762880;425279360;407347504;9381249268;5151870693;431338095;440450639;39963497366;11817655211;432801283;459026958;0;24138897047;452428892;471969683;0;43950682711;508352512;529039244;0;0
Breaking Bad tem mais episódios do que Game of Thrones?;90576404;94327906;117230169;108668543;103337231;108572756;309503903;249338956;113860997;109828240;614751618;518068333;120693651;128220187;1235653497;1167700406;147216569;139383416;1954289193;1754821998;186356023;190625171;4387087554;4197585671;245634998;256084479;9827508235;8123663324;342955837;324442644;35575680611;28392477739;359474307;374333124;0;0;386710627;396466782;0;0;422769766;452819460;0;0
Quem era chamado de Rodzilla?;159131905;158180125;196550705;182351712;163640064;162412580;341923054;236008117;162395475;175326993;637795337;469598453;172883977;173613115;1158272744;927639175;174206924;178135821;1691705128;1151816031;204228084;192918941;3963045717;2499397099;205850846;204627788;8454287809;3859137533;219775533;219301487;31172590541;7453129401;236662519;228825531;0;13477732035;254887275;293445057;0;24144313339;272520974;321693335;0;0
Natalie Portman nasceu nos Estados Unidos?;200817477;197578630;213782629;213125993;214468095;211059214;360302683;342443890;234336711;223103555;668504853;410228292;278024236;256760173;1185866230;656628200;264459949;267224513;1791278976;789265621;271267893;286856337;4316038601;1812552894;302055871;304585336;8743585589;4465754301;361135749;371928837;33111246861;10793756350;462904605;383122966;0;18337470206;563520861;609308386;0;32794122056;924311429;1009904126;0;0
Mostre os netos de Elvis Presley.;185386037;179586951;187779975;202554495;188562850;183872521;357041028;360932166;215483753;191580581;637483751;635443145;223037704;219937268;1078219687;995879920;272147899;247021526;1498692396;1564584261;289996130;292494863;3795913177;3861824985;371613721;366308428;6968712090;8113064397;477280683;494293300;24091601690;23229054830;601525346;605838171;0;0;722460633;741716594;0;0;813557634;832715387;0;0
Quais filmes protagonizados por Mickey Rourke foram dirigidos por Guy Ritchie?;276351821;279252811;286240787;294400477;277847749;283068987;453904508;364175905;306390351;283205337;819678721;530800085;302984927;300603582;1369190280;772221185;328139265;325635542;2072465072;1075649942;362190984;347432158;4827704224;2163346692;408762347;446824080;9518558672;4624765559;498467789;406252149;34929602402;10644855136;541999026;496238407;0;21802518326;565081890;560697416;0;40624853017;1015828876;973014927;0;0
Quando morreu o criador de Drácula?;271264421;278992898;255063916;252543461;228622377;248792463;334878221;376171812;268289671;255384258;747726030;768986121;265369550;270555513;1107570964;1142414043;287869886;269739005;1654317359;1360659415;323344794;311687570;3325300454;3592476913;321785784;311046382;7207153378;6070924170;340432181;358420953;33529873842;12293240931;411912388;339739329;0;25110087416;394865774;387186297;0;47456081461;394679700;406665717;0;0
De que país vem o criador de Miffy?;238062181;227791135;263798482;260411506;251977134;277898867;432528607;321377664;249049819;263683019;806407331;450678529;265573291;250023917;1244820018;664734976;261042980;258687592;2031614768;901292797;280048693;271435251;4667400966;1075242240;294673548;287172858;10174865820;1431982384;312467311;279284069;35353725742;8501148798;323977842;311319180;0;26337038652;361860021;356853009;0;46285962778;521813950;396678245;0;0
Qual é o nome verdadeiro do Batman?;351199244;375586634;379071062;361524379;350278552;331697101;596343040;497150174;386623860;374842460;878072529;763540495;382443261;409496255;1337427193;1237498861;390247171;386607424;1824574884;1679309949;512452727;441490185;4485531102;3995812486;494162414;490384764;8810544784;6423962628;555924812;491027374;36904838832;13184724205;524852978;552303516;0;29107966635;604934156;570876202;0;40400798544;648399685;672693167;0;0
Que forma de governo a Rússia possui?;229906564;219895446;275953276;246043874;257153296;217671711;391886872;344137746;275223723;235904242;712554232;666520275;236977003;264976912;1112152812;995794453;258808234;265498172;1558418702;1451853567;272389994;254012346;4127496694;3868937333;298742970;290179811;7696924635;6916968331;299049076;335198178;35855602871;27875541292;405703147;385409621;0;0;462800257;461931088;0;0;591035540;589546845;0;0
Quantas companhias foram fundadas pelo fundador do Facebook?;274712815;280909695;294937832;290956226;285295314;286591274;456316737;348462190;311695632;307788894;801927108;435494852;318011832;308915451;1149479630;639571188;313258650;341488713;1739256932;866220081;433383715;363824505;3974496421;1122699205;389141776;393679611;8015446355;1684471996;409482627;455748493;34162415776;4659777396;433842293;431829505;0;35716939495;444028281;475877449;0;112593912435;478667822;500088831;0;0
Liste todas as gravadoras canadenses de música Grunge.;285808414;273615964;320517118;311558165;313932282;322080482;487619138;392901911;302340299;305774584;790356132;676719229;344298975;349111114;1356097401;1151391230;340012933;373099637;1893254355;1627929215;379048789;401873264;4355693024;3722773679;511335059;463469687;8055315812;7099679603;641493376;660296186;28772593476;29861720946;854271933;881010923;0;0;918044214;948865467;0;0;1070534764;1162333070;0;0
Quantos filhos Benjamim Franklin teve?;-1;-1;-1;-1;-1;-1;-1;-1;-1;-1;-1;-1;-1;-1;-1;-1;-1;-1;-1;-1;-1;-1;-1;-1;-1;-1;-1;-1;-1;-1;-1;-1;-1;-1;-1;-1;-1;-1;-1;-1;-1;-1;-1;-1
Liste os filhos de Margaret Thatcher.;226708676;229858181;226400135;213691564;238139363;241460158;380019307;397633797;257469575;241911115;648961847;708920832;250379979;279328763;1089083037;1081499057;285332129;271653682;1664615617;1577592006;336827953;345409141;3797044364;3809271120;340818139;352962651;8105772538;7151123404;377589732;378171922;32451991902;16288190027;424309498;420070547;0;33968208133;410859648;437351339;0;57781887272;485361881;411285198;0;0
De que região é o Melon de Bourgogne?;315405037;314681070;343564515;348171486;374271308;317610714;548197104;503884330;337897697;375349060;793630505;792158511;369084788;424033281;1240458552;1159684439;400205828;375337344;1799980122;1771218861;442362949;419711826;4484237215;3662899081;543503427;505778039;7741735325;10007917775;664317249;691488984;33010429590;30597948579;887278454;882886357;0;0;1042708516;1005689639;0;0;1322004609;1268491430;0;0
Qual é o filho mais velho de Meryl Streep?;342865717;356812939;330645333;384260451;375834142;336910094;495779574;567736349;341210809;358662654;862774348;856093265;371350955;352157730;1247914420;1227992650;413257964;383664081;1654168239;1710717194;467691691;511398482;4135352929;3877015832;544199262;558336538;8182080765;8189274182;586988902;592426231;33339723981;28317176482;650950115;678601634;0;60633730538;694208038;660894141;0;0;705063316;793354554;0;0
As rãs arborícolas são um tipo de anfíbio?;-1;-1;-1;-1;-1;-1;-1;-1;-1;-1;-1;-1;-1;-1;-1;-1;-1;-1;-1;-1;-1;-1;-1;-1;-1;-1;-1;-1;-1;-1;-1;-1;-1;-1;-1;-1;-1;-1;-1;-1;-1;-1;-1;-1
Christian Bale atua em Velvet Goldmine?;92689299;96334562;110552249;107727780;100866932;96288478;312378613;238592370;106621529;112187894;593588269;529391105;131561419;125126529;1148015771;1132004835;148066564;162476414;1771672033;1716073507;190940788;199248338;4521649622;4467253178;275637710;266283804;9659896569;8465564540;304638171;301019893;35112022324;24643006523;315241340;342824063;0;46665305310;306589363;355163530;0;62266382180;333128462;365422780;0;52487963375
Liste todos os jogos da GMT.;247538078;249780180;250479451;276070383;264691926;270607806;391133317;409460588;262846986;269047983;665502524;637900552;295849761;260436177;1160569269;973070398;326473706;299915347;1669557072;1272657865;346113481;325044955;4053528441;2322932429;350279944;358914065;4490169889;3823490912;364749688;374781801;10264936502;7622087323;464930685;467804268;38281047838;20560932111;612960420;556969371;0;39322783914;995667700;1052232999;0;0
O Isar desemboca em um lago?;189797176;194501334;225125730;199859146;208295259;217242510;377959171;361640724;224841701;199713283;622399510;594080889;220364911;234356169;1128525627;908336752;225484294;233236164;1762632142;1187346116;255087727;266251704;3621618955;1618978039;330657982;339639041;8015856930;2844413023;481678314;496949779;30154921550;5385420727;630572836;653233511;0;8827765330;886416343;858359329;0;13592733419;1181572852;1319961026;0;32514262486
Que aeroportos a Yeti Airlines serve?;226649685;217402345;231457179;234083298;238760239;215833238;373507778;374178175;232880691;253694892;678857039;699326629;259686182;242791583;1174240275;1155790830;259529229;268860285;1849001238;1672017747;299458963;326497609;4151909837;3976376191;358869101;389039844;7453310336;7050540214;484017169;507155004;29868483362;22996936167;501675317;507590688;0;39829284849;523295737;536236535;0;0;579990359;614626332;0;0
Que empresa indiana tem o maior número de empregados?;-1;-1;-1;-1;-1;-1;-1;-1;-1;-1;-1;-1;-1;-1;-1;-1;-1;-1;-1;-1;-1;-1;-1;-1;-1;-1;-1;-1;-1;-1;-1;-1;-1;-1;-1;-1;-1;-1;-1;-1;-1;-1;-1;-1
Que cor expressa a lealdade?;-1;-1;-1;-1;-1;-1;-1;-1;-1;-1;-1;-1;-1;-1;-1;-1;-1;-1;-1;-1;-1;-1;-1;-1;-1;-1;-1;-1;-1;-1;-1;-1;-1;-1;-1;-1;-1;-1;-1;-1;-1;-1;-1;-1
Qual a cidade com maior população?;-1;-1;-1;-1;-1;-1;-1;-1;-1;-1;-1;-1;-1;-1;-1;-1;-1;-1;-1;-1;-1;-1;-1;-1;-1;-1;-1;-1;-1;-1;-1;-1;-1;-1;-1;-1;-1;-1;-1;-1;-1;-1;-1;-1
Quem criou a Wikipedia?;163425743;149500000;178134587;168678304;170327759;178095236;326796394;250085976;182218698;180365925;655507735;332155872;199400133;187974729;1129846426;707954053;199093109;207073202;1752920278;1112822313;274866691;261954101;4021521243;3155331298;352580291;352500732;8009041103;6363791428;514572091;487632362;28875224117;23086265086;744108637;778936503;0;0;746211231;732418546;0;0;790069989;818250037;0;0
Rita Wilson é a esposa de Tom Hanks?;249457317;243612835;253145297;277551942;269674742;249592000;415518553;467722923;265094759;256945445;729321525;681025569;260437543;287033962;1216052221;1194203681;296917179;277417596;1711108008;1419314047;341334334;333967473;4151889384;3862609432;358997898;379043480;8938890737;8953660592;452259122;489578806;33516212258;30313655166;519097623;491291944;0;0;502136537;505451600;0;0;573897791;580934895;0;0
A esposa do presidente Obama chama-se Michelle?;250708225;255261627;281073660;284582414;284827434;254964849;441929404;361232422;261813482;255279441;789570791;555885430;289717461;325748512;1259093171;1085385863;325224612;311595199;1949347244;1605407526;349435154;332655727;4089727187;3465287549;380339863;343671911;9145077399;9289322563;438714324;511448071;36564816166;26190672129;567399412;588730343;0;46692186599;563559999;632395780;0;0;583445677;673534464;0;0
Quantos grupos étnicos vivem na Eslovênia?;472468127;523735702;536088750;437045724;420484724;462244872;587137741;516718667;395378858;486886926;935086252;621637555;549066391;477321522;1353830747;1008852408;426838605;450701332;1784744263;1278630408;554132533;537704014;4489621022;2111198059;488038554;409472142;8583735288;4132359509;579441084;627550112;32780424422;10534556983;447908132;489039083;0;24510755139;536603424;522291793;0;40453141493;657762225;685259834;0;0
Quem é o presidente da Eritrea?;229790014;239116520;249829472;253395853;250312384;251362732;395005203;390055539;256603167;252770554;725109203;690835377;266170896;278233150;1076003744;1171750562;281006451;295800126;1629662760;1268017777;357544208;344449224;3598801423;3039890485;429882232;368468801;7157445895;7454307721;542394264;548600015;31362475975;42536829289;535132383;581880735;0;60737443241;571324681;562046495;0;0;566511237;583821547;0;0
Que filmes Stanley Kubrick dirigiu?;170766550;177264304;186765858;197124982;193618643;193861069;380615466;305690648;203468076;197426544;619364094;379827437;196845542;221300124;1189957211;608298655;242702808;249103755;1753108136;776801487;298105013;280086227;4471982284;851202517;315751726;289153938;8963024351;1615035949;310670035;313316807;31505868967;7504155550;341710872;323386868;0;22811216792;332365411;324457925;0;40047500813;331699715;317914297;0;0
Quando o Titanic foi completado?;89077832;83653963;111494654;106261597;112078903;103585305;339535372;324726870;120258937;124877981;582069200;619564120;155503990;174130294;1119804083;1095777181;187969923;190220060;1636208257;1648341289;287221703;301408514;4309853858;4227808843;335911887;303411226;8054117605;7892479268;359950130;375409131;10647932912;9657086674;358295629;365464709;10656950341;9103915042;358083571;367875460;9790608652;9705593940;371155112;380321857;10972695783;9889750257
Quantas páginas tem Guerra e Paz?;225386573;242485451;252018289;251970228;230260910;228126123;410958757;409535169;261267740;244712455;745913742;788703422;267032344;270490129;1194697054;1152595615;270240205;301016405;1674960468;1695100500;325436441;324802118;3968264235;3833773667;408954413;428040285;9094076178;8350858327;493115479;472067848;35028429678;36193246805;740040386;728543446;0;0;928070437;1001237179;0;0;898530993;1277642534;0;0
Quem é o jogador mais jovem da Premier League?;184112397;201511149;205594490;205199350;202338970;190225386;362680887;338900003;212206291;206732843;667814642;690365514;227884299;223726735;1160459417;1201567655;240826289;249461877;1748406030;1614868631;250186912;273277819;4107107030;3313417033;303707829;307123647;8506677969;5056993889;317417943;339742531;36230395596;10522323700;357693164;352502415;0;20188770098;428861677;517552030;0;31834580000;538707506;555188471;0;0
Qual a montanha mais alta da Itália?;232022387;215733944;236455997;265747362;226960610;278568627;412734720;374672354;250694389;238373003;720328475;690074576;267144946;239691359;1244969569;1151278729;264632702;239221386;1654817324;1591703208;248978431;281590531;4296005183;4203536161;290348585;283371269;8233973194;6262928893;290195853;268710984;40115277792;12564799772;304120520;292277290;0;29532392860;318553467;340000315;0;41672013943;430623624;412508316;0;0
Qual a altura de Claudia Schiffer?;210386995;203243180;210871475;215254688;230113233;224767675;349726680;369750325;228748561;233690310;647001026;664378760;258699196;231141183;1150661991;963375978;251920580;242500474;1631062820;1213431385;229263814;238729621;3663334325;1901734780;271365375;259150524;7752045410;3017048624;310090430;298551462;31279551363;6469673281;318894247;278774504;0;12129619520;330257406;341911228;0;24303546353;377847093;368686362;0;69496589294
Quem foi o vice presidente de John F. Kennedy?;215130967;212271158;222937456;248235905;226465477;213437871;394452116;327101875;215564654;243100134;715793257;536872740;225415434;231400854;1175879844;898102059;257735015;242369053;1956303118;1231234669;276432990;294877688;4209139417;2598813558;310629222;332248892;9118119801;4906307945;387982719;399981244;37141990286;15833220266;407852460;400917529;0;38387848010;440606410;412630308;0;110682359092;490157699;448384647;0;0
Que subsidiária da Lufthansa atende Dortmund e Berlin?;212978723;176272408;192332831;196358236;205807601;222957799;393233875;351561530;202151120;185506640;685925850;578642818;210971344;226267387;1072358114;1074278245;252097650;205680837;1824399549;1460735552;241899362;249398289;4748449921;3107462267;265116728;278268933;8784701382;5588722334;358427406;377290644;36120674260;27528976003;412961258;427759456;0;0;481251084;504742276;0;0;716217136;752027831;0;0
Quem foi o sucessor de John F. Kennedy?;228521196;205470335;220932494;218277861;222874988;204847007;398242485;275567654;225556844;199574065;670421534;394895076;214147754;218884922;1120488498;667754676;225858722;222766760;1780306807;889487044;236822053;241153840;3879900819;1535334355;241402668;224544510;8502506974;2650411261;248272616;254741427;28230151737;6244996046;300250925;275987035;0;10742398109;291251477;268000204;0;26843659747;320119882;293228996;0;0
Quem compôs a trilha sonora do Titanic de Cameron?;260969166;226392129;268790529;245956559;228375791;253627057;412545102;392033349;253517315;265163089;709342822;653459385;277176896;260362622;1227726771;1143439512;265594233;280194235;1772993211;1515913751;313924935;309080859;4087930101;2658709698;366797810;356199697;7903948052;5669458671;464087894;448970012;37894799117;23336453385;524299750;473946067;0;44384327419;530283075;528399106;0;0;545027047;582632164;0;0
Quais filmes Kurosawa dirigiu?;163699526;167664549;176236848;177462568;190496356;163013966;326007359;295706969;171622936;178695791;589354178;460323158;197551674;179848557;1272171876;733181056;178157357;196748488;1936157933;1141096998;189714520;206434212;4052009191;1655381575;198252540;204668346;9249130979;2745684994;233213650;234255059;37826577761;5897957496;252080092;269867482;0;9656555986;279073860;260137950;0;16070334183;230186504;271049678;0;0
Para qual gravadora Elvis gravou seu primeiro álbum?;301781185;286953369;331849126;309698478;272767919;327351946;468544177;359271706;314094797;301452979;831531344;432822255;294550710;296477843;1238192508;800303319;324503715;369512859;2008388382;1002538333;420229600;391172334;4479059924;1631032212;439573814;470029896;9202879940;2820596663;616785650;579035268;32374352042;6788221564;704419009;742289770;0;14861191525;923905241;841494764;0;24026666320;948981119;1020784162;0;0
Em que fuso horário está Roma?;223131839;238591056;263890399;217601778;245277968;205994022;458256694;446422846;230853825;252238179;788822499;742927687;276100088;288455230;1263925277;1227815693;307984355;257457811;1878068823;1739566338;371545827;345948358;3887712521;3933708010;425083455;462667444;9467376839;7630099548;506368904;545260193;28828926422;34558764650;576075744;572200469;0;0;710661460;701110252;0;0;1024229720;1018893763;0;0
Qual a moeda da China?;250987235;250533544;268073233;277930190;271717573;348489356;438450408;422953043;322259314;301528787;716664231;762539697;278242030;361340630;1134465536;1164734483;313104186;299480863;1667311528;1626559958;380085363;364521809;4283311580;4385389377;413699903;428036479;8379301267;7881976937;646216863;597669053;32989974929;34075136432;735489389;790565033;0;0;916424021;912252587;0;0;985037958;1126945028;0;0
Quem são os desenvolvedores do DBPedia?;127076854;137348522;148109729;152739909;150346375;149014566;340953662;335474004;158370153;158906145;617776564;621586551;166059745;169274819;1040438672;891137798;178153987;169032557;1671106532;1177947072;165105821;177199847;3886881039;1831296651;190743592;176716355;7969676937;2786561678;222972543;224851472;29862616744;5168348135;217233900;260530098;0;9154255173;238179165;241592851;0;15158596348;269840397;330603957;0;31696787644
O local onde Abraham Lincoln morreu tem um website?;217908990;222642283;246905169;249345500;270118876;233911643;381871283;383837986;257573408;262046866;661910894;702163662;248472552;248265418;1038898754;1079503319;254435940;281523019;1528375549;1576636780;347254308;341328104;3458709180;3498401425;371802136;400907609;7162540401;6629641708;405162449;431486674;25729238933;15324422299;454149513;455008536;0;36004325527;457487959;453856728;0;79706555324;541901092;546262441;0;0
Quem é o rei da Holanda?;166665198;173111402;183992772;188131311;208133325;192440348;353000498;313872443;201733020;191676672;696892324;587103566;206396851;221288458;1148121013;1037364202;220031202;222632655;1728153738;1429108959;256847741;263709251;3861669472;2875100196;276919631;314733042;7752600137;4829944950;305431090;316054295;31159595632;10908601123;376293849;348076559;0;19166422765;376628957;350061074;0;33123615513;415278413;462851495;0;0
Em que cidade Nikos Kazantzakis morreu?;97032491;90469455;115376806;116683644;93376617;92830753;348679827;205302107;105831651;90445330;667415050;395555639;99994950;91709749;1070714547;837640011;94483287;102385433;1888321019;1216119908;112218169;117964600;4325422611;2645921359;129590826;129132318;9068301524;4616355753;160668402;166050988;31045410816;12558010530;163508305;178762250;115096843676;23372397036;171958210;144420887;121784178917;25624332940;157518971;134925915;0;28917729747
Quem foi o pai da Rainha Elizabeth II?;269799999;257084698;271176379;275264833;254306719;277282137;388005255;352026562;296678049;269935546;780834008;499647393;211202127;261905814;1323819233;640045570;244919227;268001738;1868427283;835695117;278833227;256744252;4087928360;1976135646;286083139;275862843;8979760013;3385044798;330449831;301291387;34510667204;8400792724;356090167;342646446;0;18878891705;377074774;402098945;0;43034828268;523564913;578739107;0;0
Liste todas as aves que correm perigo de extinção.;-1;-1;-1;-1;-1;-1;-1;-1;-1;-1;-1;-1;-1;-1;-1;-1;-1;-1;-1;-1;-1;-1;-1;-1;-1;-1;-1;-1;-1;-1;-1;-1;-1;-1;-1;-1;-1;-1;-1;-1;-1;-1;-1;-1
Quantos habitantes tem a maior cidade do Canadá?;418156035;365793467;384529571;377458520;437791137;396955589;613686298;512895691;360814639;466236435;935906457;722616614;446389063;424863663;1321746653;1243599953;440980457;387527407;1904050255;1699657866;442512221;533673542;4608676031;4093442501;410715880;513373968;8533379476;7955932547;581028738;642059247;33215578522;31961508307;579205614;603246385;0;0;725952489;751187560;0;0;1062607376;1035596624;0;0
De quais conflitos militares Lawrence da Arábia participou?;235862180;241921129;255795734;260285165;233561584;234674492;435957031;275529368;242103361;239510792;758173672;450513679;232104200;257955931;1328053749;647317701;225410181;244401133;1943786185;924871620;225192550;237027647;4488558945;1165617599;269419048;263302448;10005927038;1530902909;289997204;269416491;37857902466;5369017560;315998315;358034412;0;29557170788;413717922;441273900;0;63883092257;470039573;390616362;0;0
Qual o livro com maior número de páginas?;-1;-1;-1;-1;-1;-1;-1;-1;-1;-1;-1;-1;-1;-1;-1;-1;-1;-1;-1;-1;-1;-1;-1;-1;-1;-1;-1;-1;-1;-1;-1;-1;-1;-1;-1;-1;-1;-1;-1;-1;-1;-1;-1;-1
Em que país nasce o Nilo?;250427827;259683788;270373451;276856748;274137305;274133501;415272523;407898619;271573852;285763301;716798710;685065488;254798196;272243330;1148263140;1063860731;297355072;296061331;1843311349;1290733415;308512516;286770014;4382914495;2265349915;274940379;316556909;9465015347;3453913450;336634555;308315692;36658730955;7702267053;365640843;334949189;0;13033153958;378483530;345143051;0;19861751231;377999032;382688793;0;53630319804
Quem é o piloto de Fórmula 1 com mais corridas?;187703258;206529107;237726316;208619016;203932729;214447153;331580251;269196304;233559222;200000611;638351223;448997177;236812266;239563871;1005610978;798233499;238047974;224723229;1548067705;1200029312;233307248;239961692;3836958342;2375646459;249406217;233786301;7432751608;4287183708;248170874;277457149;30824694405;8670734279;318633230;300316570;0;19853082837;338789998;279813324;0;38497453406;326343372;314064911;0;0
Que companhias produzem aerodeslizadores?;-1;-1;-1;-1;-1;-1;-1;-1;-1;-1;-1;-1;-1;-1;-1;-1;-1;-1;-1;-1;-1;-1;-1;-1;-1;-1;-1;-1;-1;-1;-1;-1;-1;-1;-1;-1;-1;-1;-1;-1;-1;-1;-1;-1
Elvis Presley teve filhos?;220846651;237329297;228703733;239191025;242142783;213959426;386163029;374157920;238910343;228169586;709934051;684442106;273676292;268238298;1208419260;1081802501;260119432;282078212;1470342308;1673279894;341290342;365184629;3868954333;3861002773;390233830;434972563;8236865259;8060450419;543936991;534454967;33478998310;32433347053;477122643;634088835;0;0;842739844;832419142;0;0;866842794;814100831;0;0
Em que cidade o presidente de Montenegro nasceu?;294712100;298161107;336818387;298011792;332890921;303568347;436918316;394417769;304130281;311504107;844063428;608282616;316366421;300368364;1282286068;926198197;348822199;327722348;1834302207;1218865457;402708997;410877657;4360832407;1318690702;442516339;493532054;8629115524;2128997983;622036912;617788024;31873014390;7561423110;734727718;703463393;0;34476423534;825160959;857794375;0;0;855086808;850730909;0;0
Em que país Bill Gates nasceu?;138675278;127771964;160488707;153489106;140200981;144850201;300931117;309097482;161558464;161854686;594007775;560776329;176598446;182519302;1031034480;1008761048;202219063;194595449;1612984742;1509168517;282873604;265074564;4213770919;4073610674;276555998;263803771;9030717623;6337722777;281784806;275537319;31734046874;14068554262;274744258;282956355;0;28824623127;316795701;301108240;0;46065094926;341828524;344010386;0;0
Em que país se fala japonês?;-1;-1;-1;-1;-1;-1;-1;-1;-1;-1;-1;-1;-1;-1;-1;-1;-1;-1;-1;-1;-1;-1;-1;-1;-1;-1;-1;-1;-1;-1;-1;-1;-1;-1;-1;-1;-1;-1;-1;-1;-1;-1;-1;-1
Mostre me o livro que Muhammad Ali escreveu.;271721943;273293331;297150804;290033090;281536425;269080800;435138756;435814980;304487277;285659344;756920487;754326126;321167111;328205087;1150720112;1208085523;316815645;349564188;1546554137;1667712349;364239687;374072882;4454045987;3877760660;371110795;371538619;8807362652;5800153324;412082131;392916537;37980649478;12266420402;438388403;401923266;0;25374456321;437448584;419367157;0;41876075675;508931229;469114365;0;0
Michelle Obama é a esposa de Barack Obama?;237223747;211655365;230990366;233759975;213987166;234115157;457513547;370055817;253862466;253455963;716403413;760521527;275416577;268899434;1150685630;1152768791;224805411;265831418;1683476913;1717133084;289151078;269038531;3943806132;4208060620;310731437;370432176;8918020612;9191299261;401696915;541626097;33894406410;30331649377;492682409;567860288;0;42229040637;522055390;563635014;0;0;545114254;618300775;0;0
Qual é o código de área de Berlin?;290784973;270087907;253920812;272428642;264783935;254065207;472285885;347962064;279819904;294432847;762165843;540195613;289000775;275560706;1180532028;1043531622;281730694;317835985;1706056953;1439551433;346223605;356134121;4357931851;3850137944;395320807;421912118;8211130998;7253955342;479489353;487335837;32277108047;29516064651;443654449;606076736;0;0;675640832;687740028;0;0;781167351;740653964;0;0
Liste todos os atores que atuaram em Last Action Hero.;232546953;245772673;277693840;254299140;246629495;247873301;384955017;258508839;246927821;255382987;806766486;258952359;259916829;253445682;1252126438;253056369;258586040;253319990;1770659857;261008178;292083135;280941180;4314550245;1311421538;309834591;298313741;8807197579;4799232320;367480190;365883973;37893380020;18355181960;494919061;496782623;0;94110281371;706138371;658970312;0;0;1213050214;1049545676;0;0
Quais são os apelidos de San Francisco?;222979781;221327192;244457562;228998833;224587293;225837621;362484452;285581302;233013077;234713119;653342106;371460833;237027926;224294099;1068957663;573804909;234539995;244146524;1634443869;915296296;258067569;239582620;3765408481;1280880551;264335625;258593626;7302672350;2570545581;288412513;295924499;30525371270;7214134967;280370023;290894288;0;20828263414;328179278;299675940;0;42718435162;351926487;362865584;0;0
Qual foi o primeiro álbum do Queen?;391263315;309480541;342945653;374157535;364166398;374375796;565257245;426922119;357541660;385893020;875055896;631339325;380493010;403677196;1314643449;1179471801;413193825;408370371;1861890210;1595005423;394872878;439001989;4315618828;3605369021;460866195;508689152;8801878974;6302126328;616346061;586600034;48897921742;14296622729;638339316;570658948;0;35889650714;680900788;605797396;0;0;688302622;715335848;0;0
Por quais países o rio Yenisei passa?;253670571;256330676;260726830;274246648;261826961;260926541;400848953;399799681;273803318;294101025;712508434;730389225;295240882;282646407;1154047562;1211679518;302580021;310384463;1703852970;1577135117;319005631;339229297;4113431745;2846566080;305742849;289449516;9728287674;3986766211;347013434;333745319;35805387017;8781706277;353337935;357731987;0;16242326300;378042041;359265213;0;34435118490;397979871;515980546;0;0
Quais séries de televisão foram criadas por Walt Disney?;326981240;278438145;286164161;280806365;305976708;282654162;471282279;354164205;307928107;282463249;782188525;432383298;275116528;300199690;1251608967;783255821;336636349;338595237;1829105045;1257434055;419422767;416752955;4583031055;2865118330;429945374;453897821;9685350387;6465927524;559849472;593922387;32924372962;15797350352;641098330;616851993;0;35548924147;603533644;626495487;0;61921082244;642439875;655449678;0;0
Qual a ponte mais comprida?;-1;-1;-1;-1;-1;-1;-1;-1;-1;-1;-1;-1;-1;-1;-1;-1;-1;-1;-1;-1;-1;-1;-1;-1;-1;-1;-1;-1;-1;-1;-1;-1;-1;-1;-1;-1;-1;-1;-1;-1;-1;-1;-1;-1
De que país é a Sitecore;244020892;238190795;266883209;262662236;257702712;245289897;413091711;373530138;234595352;247880211;745772091;472127756;231291525;251889190;1136646806;767290374;266957750;276307660;1774004003;1150314470;268192393;273847624;4157147450;1830470042;279684907;314827772;8010354263;3239251974;311555622;308902174;34788994703;12974786182;351621195;319768119;0;34468192073;337620912;372502655;0;104280794848;368521081;358744635;0;0
Com quem Lance Bass casou-se?;108227761;102992652;125944744;125910603;121054159;120104791;278347416;314684349;142451278;141307692;579293574;600129364;153473183;164677011;988082717;1099491048;175800280;174066271;1586115159;1461727613;177430727;178641125;4392891228;2943967752;184420385;182699411;8396271797;4848048115;208741697;196806785;32415679039;9306434689;220710268;232720384;0;14883488242;226719881;228323931;0;31047878183;259600600;324397852;0;0
Qual a capital do Canadá?;252854329;254904297;251405857;259595073;239287410;263327683;415583136;397664196;269663256;265325136;712239266;727240936;284623164;258155249;1120827356;1156356971;278986070;261191379;1666185919;1625565316;298959773;291147492;3838738124;3638471039;294349992;303149081;7889893094;7441727006;367371151;379001150;33739914748;30749789417;484711644;488688570;0;0;603832147;605821986;0;0;915391632;927719464;0;0
Em quem Vincent van Gogh inspirou-se?;93968738;89249093;102637310;115805560;107900519;114844021;267779135;324145607;129168834;130609221;555632663;599213950;140180797;142698706;1073552784;1093309405;155724002;171477585;1527391275;1326989824;165432142;163119264;1524917360;1398300049;162369539;170595950;1406016091;1329949729;168667411;171073351;1477481407;1425926069;167332779;169503806;1476081518;1353388255;159908262;159256538;1464685857;1006981224;157682774;176315445;1506837947;1319330837
Em que cidade John F. Kennedy morreu?;94564927;88945665;110695958;112693144;83966722;85211051;353395659;192009224;98153831;104573905;664026577;377607363;98087373;102184191;1239648676;797345273;114253867;107776216;1819783067;1228386809;116340844;116296030;4235935057;2757089502;125621821;139915599;8187710166;4535677760;154485686;145306156;35756861817;12268445499;155237519;139345309;77175069720;23524774955;153098035;140842209;67802647472;24173098363;164859550;144206125;68187405236;28586815793
O presidente Jackson dos EUA envolveu-se em uma guerra?;264200851;300390619;291017787;311673041;297624775;284157971;474308835;394203305;349824383;313675955;759531477;517275916;332004032;321764255;1183210167;723513528;317831439;322320781;1958154978;1195678309;322800880;338601654;4339010233;2843793087;328603075;349483401;9406314829;2252333194;451788107;435956206;40376875181;9124058122;562016742;551254935;0;31278326131;726604314;748860835;0;60557962584;1065155116;1067396452;0;0
Quem escreveu o tema do Game of Thrones?;274358943;287575825;314989803;295969796;291834517;271157258;466304571;434948549;277016810;309301523;798592602;701466648;322998966;302178369;1199060447;1171434427;332935346;352194398;1740447545;1445267616;370442471;411347839;4119583624;3854788067;376966573;388969920;8554181863;7224854301;398275310;464956235;36802761087;17214030817;431391152;437982821;0;30856835635;457644891;466164181;0;72995277579;525344054;548212551;0;0
Quem projetou a Ponte do Brooklin?;97584664;94080025;126876593;100216913;109739010;107373334;308420474;235930855;122562072;113824191;609835774;483275324;126830232;120684128;1049811907;903361306;117992468;129353239;1542120790;1152830396;128559949;140933668;4151667400;2234310337;149403240;157713639;8082448813;3939451999;162912808;171760870;29117003112;8484043498;190335926;199428557;0;13118159282;251082493;242738368;0;30988333823;314201082;310291390;0;0
Quando Boris Becker encerrou sua carreira?;198641040;225280507;225107067;230686530;256305644;234032097;444820684;424478767;251661017;280252958;696126617;719176335;231120273;230279919;1123939066;1125084561;244565892;281712217;1643770635;1651101914;274796022;287429453;3876097597;2393246113;269851065;257839069;9419107708;4141028683;344281334;342391673;32605291690;8497071793;373412187;391210969;0;15660393859;359850503;438876982;0;34337448549;446125135;501765720;0;0
Que tipos de uvas crescem no Oregon?;253315120;264425125;265054175;272268542;255858128;254233628;423810686;345398991;270496695;275367550;751013577;444980154;260895598;267249372;1264303323;644282794;272263031;306456307;1942985627;784005433;308732542;292558944;4324105314;1117409263;302441151;311098888;8376573184;2698713725;368129442;359590865;34437295016;11287669974;353183937;391948906;0;33074431463;372963614;393157807;0;0;460382307;518791319;0;0
Qual a altura de Michael Jordan?;203324241;228815574;219694111;223953387;208919079;220565398;363525794;357498196;231295662;233829256;663768633;647094453;251377034;241996634;1064947558;1088365413;255476603;288390648;1623671725;1644732508;264398494;264715592;3641817132;2695192560;284039098;295431568;8430649103;4440538233;287320328;296731818;33758356109;9618668915;302348295;316039741;0;21397747035;351915257;347625895;0;35729047774;387620993;383947728;0;0
A que partido o prefeito de Paris pertence?;277612020;284040313;275092590;277891089;251821799;278345907;465331258;481963222;316893575;315580963;771046849;678113624;347374798;292593590;1156190344;1184599117;304551258;339968020;1707525192;1343394108;387740979;372426654;4339385844;4088038838;436507875;441128159;8248598385;8239597223;576572348;525661374;33922670571;30981836016;676803803;685432254;0;0;508306433;782188156;0;0;672560122;951416652;0;0
Quem escreveu o livro Os Pilares da Terra?;165243949;158580179;185009372;178667752;174541547;182840930;339606250;351409452;194116875;187745503;681792476;650375855;191977095;210874355;1244563421;1074362659;202880260;205414636;1569747734;1452385461;208830003;212402158;4264457642;2806929450;219601706;217759759;9249652675;4175900440;242947900;247614161;31506312690;7693276195;273604577;294376419;0;14123582924;293278540;335562803;0;23163928086;359617202;390310742;0;56858231048
Quem foi o 16o presidente dos Estados Unidos?;358796951;334360140;373707382;359961707;346663400;337050366;545119454;488226265;379745193;425579694;843341376;765602781;372209446;396998162;1302980496;1203170126;408406896;396494872;1855092091;1571171813;491319027;513396679;3540156298;3712889277;545619903;453755634;8406600382;7176695422;785969260;603780916;34236986419;31808520200;707891388;873945411;0;0;1075509827;769936779;0;0;1252666282;997443434;0;0
Qual a altura do Monte Everest?;215585002;213781151;221575532;210166364;211982227;221221577;388513442;384814762;239886227;223763456;664748075;668858965;234463590;245632944;1099587140;1103498027;267067907;269561117;1658946260;1702507546;272348439;293383722;3683385233;3164911575;283224914;275542391;8484851261;4727898310;314931370;293242755;29642309897;12865646693;337904240;330507849;0;22660471750;353559839;374643347;0;32443605371;425966948;415394305;0;0
Quem foi o orientador do doutorado de Albert Einstein?;206764865;220715569;222444766;217037179;229027557;211919297;340058982;349431544;237340512;256961066;666372315;627909236;222636496;246963181;1062021792;1095405262;303449906;248513631;1576112132;1583034582;303826669;311345579;3536382262;3827801346;376273987;323207375;8108178869;7655613156;530342767;544054886;33618628972;27531815797;480324048;710751554;0;0;596338422;558620685;0;0;1079208737;1186389006;0;0
Em que cidade Sylvester Stallone mora?;101550328;101057817;123477404;122207793;112132924;117135846;313023690;289783869;126321955;136306788;586786718;568415934;179944169;158035532;1058465099;1012997342;215709201;195598439;1428775456;1498376816;264574542;260405281;4181361180;3946074412;288859154;278605442;8143238594;7889103810;316604668;333661089;30423657007;24990660421;357483807;388203652;0;55706461819;362102982;366992041;0;0;408249234;368266199;0;0
Qual a moeda da República Tcheca?;201373637;224379078;237585690;240437455;208379143;230026571;397912509;293321802;239488065;239344859;751554577;439183364;236343395;231616512;1220483835;922071360;255081025;247960299;1725071831;1290225307;294905552;324689463;3639874882;3276167614;323482022;325206008;7608740764;6214358854;333669013;357723198;40739454683;17512771225;377216865;362968115;0;31521888494;420542355;394613240;0;60464832801;398737524;448045363;0;0
Sócrates influenciou Aristóteles?;118950709;122945858;141980845;136469319;136031633;132166425;299960950;248540235;132953462;136896122;496529473;381258986;133398445;130314908;1005933879;579168584;143716562;136806266;1642478932;775254329;150467577;155392620;4676415640;1347836017;163797743;169081984;8780015658;2948442104;177999752;192798979;37420948535;5523292268;188673124;176326408;0;8661807410;231374273;224920489;0;13520911145;223312152;229415039;0;55923071823
Qual o fuso horário de Salt Lake City?;97598645;102359229;121525831;125083165;115772999;110319378;286704512;294926799;126396306;132566979;641778088;623297475;147262893;139358364;1137273063;1250082184;180637664;186441303;1703811808;1799147658;242219832;229646319;3750188465;3729794654;315067544;321400597;8027732132;7969766302;439828116;437930711;31077325576;32510529788;552013696;542682448;0;0;580448915;522782660;0;0;599930660;589546538;0;0
Quem é o filho de Sonny e Cher?;264822406;263180148;265466557;272129940;287633354;296497453;471688587;344198840;282631590;284212412;733849897;437767874;286148282;274678254;1232989724;781662476;288309479;298422324;1781335152;940041164;427792472;388849070;4617815855;1278727582;439941903;489725276;9312816046;1833702823;582492146;569696585;34491605781;5259156447;778604557;750008258;0;10242770842;983457925;1019159979;0;42837263657;1222977007;856265456;0;0
Em que cidade está a sede das Nações Unidas?;284865030;278141190;297255348;289397905;335654414;293548576;430123518;390219163;266962431;279542333;745059545;570829906;288375427;328019794;1156495251;649584497;295057545;319734467;1745624918;783591352;339389879;335246812;4263797415;1521541306;382057480;358323578;9201947290;3643259987;401829767;421801352;30582855027;12890257607;450207482;428178820;0;31842174480;448720888;448954200;0;0;449967913;480236485;0;0
Quem é o fundador da Penquin Books?;192835217;194088468;209560726;224117630;202971753;208040825;371624871;261643434;192239840;200894514;653925965;463963939;192740589;205021050;1134311342;874537316;216386108;218076831;1587400168;1146868433;235716995;221246623;3938907636;2282969839;240859145;225284474;7438135830;3643442001;245603907;261815528;30754069501;10539526104;272373648;290621861;0;33153296994;300733427;303796985;0;0;294409216;290886392;0;0
Quando foi fundada a Jack Wolfskin?;140751200;142324820;145649423;158793540;142950167;136508502;300224808;214801628;164545644;136404690;605442421;411748682;156120688;142010327;1068640298;813396652;147905892;154291437;1571597487;1180504023;172101694;169503475;3954526417;2444857311;178505871;178601652;7810767216;4356618166;172603787;185566519;31479374071;11486806114;205709763;215793653;0;35840096255;236460581;245799380;0;0;213077450;283526349;0;0
Quem é o prefeito de Rotterdam?;201101228;221000533;233446293;234972235;238538200;228246743;369070937;398051064;245421073;230154086;659027545;615636129;245843350;247570732;1051502684;1083761738;263319158;271443828;1233728988;1564876649;311292942;346941627;3801164316;3867972786;393721951;349049457;7176341480;7195692422;512669014;551292826;28222301489;30354773006;549379374;571567211;0;0;603094586;587014668;0;0;627864304;624386798;0;0
Liste todos os oceanógrafos suecos.;-1;-1;-1;-1;-1;-1;-1;-1;-1;-1;-1;-1;-1;-1;-1;-1;-1;-1;-1;-1;-1;-1;-1;-1;-1;-1;-1;-1;-1;-1;-1;-1;-1;-1;-1;-1;-1;-1;-1;-1;-1;-1;-1;-1
Mostre-me a autobiografia de Hemingway.;117998140;109868581;127089174;125826463;118247252;120573429;303705857;305066980;137175704;136093995;620228984;607538897;153132333;165524579;950239940;1008189654;187053788;184639911;1478445361;1439486690;288716600;250177941;3975354091;2698284282;274794850;266103922;8164230961;4923281108;313461945;323944576;34252313673;13994071211;332742324;352484384;0;31107834320;350120383;379344042;0;58829145684;404952701;460834108;0;0
Quem são os pais da esposa de Juan Carlos I?;212759674;248109021;256254163;262342073;237692780;253749008;401559402;360292507;268965124;264112056;735140566;488886613;261099683;267039390;1099927834;1006069707;293373349;308032949;1859695395;1517697829;338283441;354301023;3792576224;3211949052;454066833;426773537;7819727128;7012537825;439409089;451004826;33547548816;21433678367;471201304;482614445;0;39289865083;460536430;497215533;0;0;506421538;493476798;0;0
Tesla ganhou um Prêmio Nobel de Física?;69988725;76432148;92625043;99257913;84133049;93219999;263482317;263955168;92717256;90325473;554836720;423715229;108383399;109145823;968348672;815849307;92871403;94808776;1392046939;1107112815;104364421;103443477;3668127799;1609600900;122470977;114045439;7524341435;3012228769;126444042;157915327;28727864431;6604819351;199646294;152860398;0;10695097244;126310959;138931979;0;10538502992;136871992;144858642;0;11285453923
Quem é o jogador de basquete mais alto?;-1;-1;-1;-1;-1;-1;-1;-1;-1;-1;-1;-1;-1;-1;-1;-1;-1;-1;-1;-1;-1;-1;-1;-1;-1;-1;-1;-1;-1;-1;-1;-1;-1;-1;-1;-1;-1;-1;-1;-1;-1;-1;-1;-1
Qual cidade tem menos habitantes?;-1;-1;-1;-1;-1;-1;-1;-1;-1;-1;-1;-1;-1;-1;-1;-1;-1;-1;-1;-1;-1;-1;-1;-1;-1;-1;-1;-1;-1;-1;-1;-1;-1;-1;-1;-1;-1;-1;-1;-1;-1;-1;-1;-1
A proinsulina é uma proteína?;-1;-1;-1;-1;-1;-1;-1;-1;-1;-1;-1;-1;-1;-1;-1;-1;-1;-1;-1;-1;-1;-1;-1;-1;-1;-1;-1;-1;-1;-1;-1;-1;-1;-1;-1;-1;-1;-1;-1;-1;-1;-1;-1;-1
Quem foram os pais da Rainha Victoria?;199458295;214678457;244210343;242553849;228049899;229949612;391805258;373034838;242337209;242297843;675621039;661988770;243211924;240198708;1036562803;1021018353;236457432;247167995;1660941151;1263536017;267609615;247736095;3750710925;1922208699;277926618;259931686;8922109030;2819240739;285213072;274427346;35758039879;5437910636;276737042;313797887;0;9592914278;295028739;332092833;0;18924267236;330540093;331676541;0;35089725433
Che Guevara teve filhos?;225248276;201952633;246157543;218738923;228701242;213102165;403852946;371208701;252341476;255172711;689508265;707706954;250600035;264751833;1190380988;1115411376;260121948;286559178;1705031846;1488703629;320300448;327187177;3865275577;3482441344;327352615;344348128;8577971094;6134825753;358371383;367916132;34598938746;12846788956;402260636;373824239;0;29341982806;389855495;380196093;0;41909513325;401839550;411694944;0;0
O lago Baikal é maior do que o lago Great Bear?;88911352;90263132;102503714;118172099;109691128;109981923;326679025;306553730;126305896;133823336;598006328;595160388;152135445;141111805;1107688431;1069880478;180534739;174595269;1847457740;1633967279;202998636;193655449;2704780801;2328510155;201415268;200738021;2399266632;2110586890;185705346;205368465;2525810901;2529657555;205700455;197634832;2672975067;2281786292;181115942;206353320;2621830827;2218556715;192388263;203610766;2548178826;2186787995
Kaurismäki alguma vez venceu o Grand Prix de Cannes?;282178287;258203729;315404134;276925085;265322656;242416736;385737218;360680513;272885829;279523229;798075964;535910469;267597303;284303293;1261733715;1052326422;322140116;312074235;1783977138;1464935036;326382906;306533310;4183532185;3307432662;316262736;396827759;9009444840;5405256424;358205317;376988730;33453289275;11736111524;459983940;438400669;0;25391308422;446653495;447822673;0;37930812551;496527323;540562155;0;0
Liste todos os livros de William Goldman com mais de 300 páginas.;246391609;276523888;260474770;278479793;266531506;249483845;381578828;368109255;267921174;274736546;674076466;678515602;295109783;280095342;1198457226;1047288725;265890971;266759091;1958481144;1298479367;273480779;291369536;4325592834;2372058343;277058063;289181400;8851479201;3649410154;356624081;341095726;38155498873;6662460531;452286188;478308126;0;11239421207;605095199;605775305;0;17662419871;1092573301;1060480487;0;43065575892
Onde está localizado o Fort Knox?;166534052;152875429;172958005;188489874;168083270;179922075;325674881;275189226;166140597;182878577;657793280;407258211;173769484;188838476;1190111455;680747231;176386772;183921010;1736611255;863685868;186966379;198641209;4150150312;1345261899;203446705;223952440;8856387509;1756440941;243960705;233969846;31845840262;3696852105;271420907;271431619;0;5478650035;268869367;263239038;0;7766523641;293851683;332223502;0;0
Em que estado dos EUA fica o Fort Knox?;266594490;252348562;290648943;291643610;310587444;271508266;466109389;318670056;292400297;291245612;790192756;610862795;294181208;335637524;1142920491;582189508;331264737;332751782;1840080747;873062200;344470225;356208827;3522133576;1329631843;366018889;375913716;8123938647;2447108648;493814581;479183060;37593176309;13254029741;663359992;675953025;0;46450378229;875180276;846523977;0;0;1040061654;1077268425;0;0
Onde está enterrado Syngman Rhee?;115462547;119901214;139415231;127213550;125251335;125473386;274567493;308226817;128264003;130427842;575404225;596249733;158727318;159227342;1005734280;981726034;200257567;193081104;1535041767;1498895811;248012629;235675000;4262519936;3966098526;255948074;242657226;8262617703;5993791627;327444059;316342729;29625854858;12895335260;436692597;442025446;0;25745989486;645406779;581836057;0;40481065969;978615709;962990154;0;0
Qual é o fuso horário de São Pedro de Atacama?;202720550;189015875;206696428;216420690;221482106;212144891;378116939;365296811;226197681;208196958;731675110;709373314;248600812;223181168;1436954288;1186970701;238498406;231824363;1918703687;1670042092;244562894;199050444;4728399249;2454075860;265734012;238961273;9288660946;3770250135;281906796;281625140;38399145258;6945766911;349535978;287606191;0;14101763306;363570235;347168816;0;20116393501;482385447;513661607;0;58540495961
A que movimento artístico o pintor do quadro As Três Dançarinas pertencia?;287534060;241088642;297284460;306939927;274294798;286680708;489391268;447774244;272769216;311040331;760716774;693973822;329566827;324938453;1298331329;1369909551;313027765;332264719;1818291635;1627449987;286706524;313330097;4003856463;2404172293;331814730;286137247;9168494977;3678100022;323699793;340733894;31781517090;7866899752;418036940;382309760;0;11680099487;438156648;396157110;0;20744064876;549599241;592447219;0;59069583764
Que cientista é conhecido pelo Projeto Manhattan e pelo Prêmio Nobel da Paz?;165500495;177721669;199628433;193124560;172421726;187634155;339787758;349953905;201983651;184722808;669165673;677648868;210015244;192983623;1127098244;1195019044;229020525;250916290;1701503692;1516235417;290774765;299864077;4079373304;3873968540;334534239;326495782;8124660728;6274144305;390437662;390078767;29712067667;13862942110;495255952;492577976;0;31238813641;671344205;633574937;0;88483313064;1103268022;976849726;0;0
Mostre-me todos os livros de Asimov da série Fundação.;260058599;242320043;249613118;249959976;225176839;273022859;397157252;352478081;251601674;238324257;781817579;380159852;249445103;235452864;1334319287;857041348;220667249;229469477;2127074697;1167198777;253989154;244781737;4862636199;1983464980;285065201;262522871;9155105344;4224812945;314874088;349161512;37469483046;8215872693;445081142;462819046;0;13297717160;567732140;534742644;0;30082696735;725450587;755023352;0;0
Liste todas as cidades em New Jersey com mais de 100000 habitantes.;269528462;275856264;301641397;297415291;285700614;293153853;452332578;371167681;287580274;285974122;783572229;541550246;282394689;304564063;1360229144;1099838653;309398614;303206012;2058250894;1391167097;311391331;288908439;4423733927;2356541171;342681575;336397383;8776667898;3204904444;336101540;327111438;34583705728;7643533606;321343115;327221642;0;12214121581;335346457;388734457;0;19524189977;428055748;467638497;0;56715884695
Que museu de Nova York tem mais visitantes?;248411897;247619000;302056987;263474853;312043761;267820611;429589994;343383878;286320002;324380761;762480439;638809868;304938398;292095077;1195206280;1102517366;326414378;320078476;1734258714;1724628033;398670549;387640094;4193580493;3917093217;438725184;482852124;8490272907;7679479482;613495083;584080430;30277961674;17824988381;781804697;734666253;0;34215233342;850556614;560980974;0;58330900754;1144793773;1064606374;0;0
Qual a altura da torre Yokohama Marine?;213094030;203223109;222375949;223624964;203051694;215087332;371492766;280231039;205613823;204645578;607841188;395444035;215709921;227079603;1010782152;577572014;228515062;234946533;1616586251;787944420;237355220;238795029;3534355071;1021436464;245965990;255566394;8390913555;1392862681;281013948;278206194;27767463160;3031567263;294028643;297834280;0;18755174288;360256694;333319404;0;40914150193;354626166;394953742;0;0
A nova série Battlestar Galactica tem mais episódios do que a anterior?;95300315;106604262;114552301;118698467;134655872;123217488;307576665;287734872;127881170;137552741;599827151;470043775;130024181;133287018;1037018344;803090321;145452482;153395493;1669725131;940410148;182440249;181026903;3733621772;1927339735;189685023;176529479;8560576207;3321452499;206821916;211774210;37122096468;6344673847;235325510;233838437;0;11195353818;213265191;289575924;0;18762344809;287663978;342023760;0;56834391319
Quem é o jogador mais jovem de dardos?;-1;-1;-1;-1;-1;-1;-1;-1;-1;-1;-1;-1;-1;-1;-1;-1;-1;-1;-1;-1;-1;-1;-1;-1;-1;-1;-1;-1;-1;-1;-1;-1;-1;-1;-1;-1;-1;-1;-1;-1;-1;-1;-1;-1
Quem desenvolveu o jogo World of Warcraft?;122712233;114118887;132510103;138838304;136524871;134758120;262701209;265860239;127403801;146393712;563629156;571945674;154570076;159565487;1015061650;1015074901;159611868;168862689;1367655534;1195944364;193806940;186469038;3736403699;1981279073;180436635;205644599;7402139034;3818382846;241766250;230553820;33146496715;9803442165;281984872;271814355;0;23955193069;281119502;265863235;0;57258201255;300308859;285467364;0;0
Qual papa fundou a Televisão do Vaticano?;215535022;215675884;234175751;225857374;245949922;227025490;406328330;336936958;215561758;242497479;711248817;663570946;244867359;239806546;1082133659;1050697705;251104820;261473702;1711888432;1562725615;295356154;334941955;3779027287;3353384704;342482440;385791327;7591373943;6459981873;488787165;451875110;45032312135;19963348405;606187688;645991810;0;32922694494;524458200;824238060;0;0;847781700;867394196;0;0
Quem compôs a música para Harold e Maude?;251602935;281566619;273727809;258983531;249992380;288178898;424975602;409881248;266802966;263200312;723802823;695090842;272610713;282979810;1244905706;1165417004;272652394;276384581;1733065985;1689793391;326436776;339381567;3983386806;3644795215;346007412;353961941;8490556274;6969298342;366448187;335763814;33412855798;16006091031;368223759;383871788;0;31069506504;375954581;417224666;0;42027104128;460986221;538834870;0;0
Liste todos os membros da Prodigy;188118082;231961991;240673565;211184012;210452137;228279989;352642244;314247873;266111436;208932093;632596819;493356850;209427447;185981302;1090765076;785360865;214568760;206032014;1627448318;1024547970;207234367;220667573;4535409297;1484113988;237228159;233423985;7912034898;2047934133;241679633;262279954;31525792801;4079010759;300285380;276383297;0;13634107596;318869253;277197643;0;24464552905;299485256;402873528;0;0
Quem atua nos filmes espanhois produzidos por Benicio del Toro?;410771967;460128666;418317347;371714326;489173738;418593419;635982397;491953927;463378593;475233124;881079082;656512648;467726670;396356143;1262456972;950467960;489708179;449699254;1781278388;1025631057;560688661;520075057;4220381777;2488395411;577845077;496807935;9305506664;6522262963;516965774;568022738;34460102759;14602772724;646615510;639191583;0;31805145036;661786603;753085190;0;44044974054;1159440929;1201665017;0;0
Qual subsidiária da TUI Travel vôa para Glasgow e Dublin?;149341981;164901555;167405825;175725864;186590271;181652112;331939287;287971002;195874804;179114088;661435171;483606811;190578617;218491919;1083494036;912900818;207050388;196493161;1595876724;1259774804;232742606;249275186;4376408772;2721671226;276151030;269499028;8617186481;5083070246;358729457;374676215;36325239475;19895765696;435268096;415513741;0;46761190735;462884922;481815847;0;0;611243813;609902309;0;0
Em qual país está localizada Meca?;273055276;285648927;277191953;326896714;310769181;299463263;442204997;388243957;303469313;336683975;809696685;520871290;352674156;345506470;1241234904;1023125750;353524903;361596808;1792381477;1158665845;382978439;414471028;3782596922;2875116225;531629342;452896611;8379416795;6414984767;643498678;629958163;36520938460;27719577347;687909811;677853940;0;56237788205;656958604;679933167;0;0;765762028;746904657;0;0
Quantos idiomas são falados na Colômbia?;311437350;294287587;318954527;348197537;320823617;308347396;480274947;409892184;347750190;365227200;772917414;512837302;305495263;338138612;1173485873;708274002;328108650;350749631;1699836205;957482006;328337051;351314180;4212907197;1187919335;409181580;359008252;8498501787;1562562482;426830128;457823702;31171388059;2856810562;515161065;525117841;0;18257396551;603299737;570777946;0;87178805977;629604594;636162295;0;0
Qual o maior estádio da Espanha?;271244844;314924569;285815203;324084697;307505032;288548211;435452406;424295987;286386000;290041840;802182549;543963549;321202217;323697613;1300312529;814059035;341896917;327194007;1917498833;1100805154;398811393;365817270;4287582802;1433986121;490865714;456245741;9043650177;2316297029;527191605;608961933;35578563816;10219613222;739232562;868575580;0;37680992818;1049202155;1064031187;0;0;1168867866;1046149189;0;0
Que surfistas profissionais nasceram nas Filipinas?;192665421;218953595;210188174;219714413;209934695;215184378;385748931;370240155;202957372;212210097;680848538;616213889;229550989;216973938;1246040429;843403464;256880245;254584777;1836884417;1260634653;319401621;286981197;3806753058;3151633999;389762433;404527584;7866234370;6128874163;550881910;519238002;34934586303;27564577124;662144667;677302040;0;43677288988;831976517;829912903;0;0;1050119686;1037576472;0;0
Quais são os cinco condados de New York?;321994184;281996225;321610698;323241453;315126356;314999747;468656301;376796114;275393321;314783432;786974212;528863330;323732442;302834217;1208578798;801821921;313136183;328228225;1968435529;1062011547;336601083;351397183;4728758869;1857617240;380536411;370539927;9327077587;4615653609;475100687;519038918;38567440736;19454343723;615234302;608534335;0;77027331966;727961424;766795849;0;0;1039280036;1074659535;0;0
Cola é uma bebida?;-1;-1;-1;-1;-1;-1;-1;-1;-1;-1;-1;-1;-1;-1;-1;-1;-1;-1;-1;-1;-1;-1;-1;-1;-1;-1;-1;-1;-1;-1;-1;-1;-1;-1;-1;-1;-1;-1;-1;-1;-1;-1;-1;-1
Quando a princesa Diana morreu?;85057627;82528136;103201678;117125965;107349569;105708707;299237449;306232773;105570205;107853119;566158131;457318480;110131027;113695533;1185868185;681745995;119897888;126422982;1562149511;985926196;116652065;134491224;4375359589;1413290503;135474389;125639721;8548348312;2031524397;170293112;169743437;34961040818;4360301407;185574500;189549390;0;6163816946;159056212;200814130;0;6247846239;189555430;208700633;0;6401617459
Onde é produzido o vinho espumante na França?;190223771;204185923;235817712;226856190;181954652;220169138;346028487;374014880;226407915;224953098;695272799;677209928;230965897;226471741;1039874306;1031276920;233986400;265068026;1562306729;1232977117;316575803;304053953;3577242013;3047981941;385767526;380993997;7368821154;4590165579;434075664;446477110;29589042147;19148078647;478239886;487437081;0;54281775694;504809387;514461456;0;0;528966892;539887994;0;0
